{
    "loss": 9.775843620300293,
    "accuracy": 0.7058823704719543
}